iter	RMSE
0	1512.413575
1	1489.99292
2	1468.458067
3	1447.986768
4	1428.430935
5	1410.303131
